mutation,frequency
R346N,27265
R346T,25421
R346S,21644
K356T,17310
R346G,17191
L452T,13533
F486S,13099
R346K,12467
K356S,11888
F486A,11336
K356E,10859
F486T,10587
K356N,10290
F486G,9582
K356Q,9312
G446E,9135
K444E,8474
F490A,7962
G446D,7876
G339N,7764
G446V,7711
F490S,7498
G446R,7342
L452K,7328
K444N,7147
N460R,7072
K444Q,6973
G446S,6707
R346V,6546
N440E,6451
N460K,6414
G446N,6412
G446A,6308
G339E,6302
K444T,6161
N460S,5761
N460H,5750
G339A,5730
N440R,5690
F490P,5623
N440H,5527
F486M,5514
K444M,5441
N460T,5422
K444S,5421
N440Q,5374
N440M,5292
F486I,5097
G339H,5091
G339S,5018
N440S,5006
N460I,4898
F490Y,4661
K356R,4575
N440T,4493
R346F,4439
R346I,4384
K417I,4350
F486L,4316
R408N,4213
N460D,4157
F490V,4004
R408T,3996
R346M,3974
K417H,3871
N440G,3815
K417Y,3713
K417D,3581
G446F,3518
F490L,3216
K444R,3185
N460Y,3166
R408G,2965
N450D,2956
K444I,2932
L452S,2842
K356M,2707
K417S,2704
K417T,2659
V445P,2589
K356I,2578
L452Q,2567
V445A,2420
E484K,2418
V445G,2357
S371L,2306
S371V,2247
S371I,2232
S371Y,2230
N450E,2206
N450S,2152
T376I,2119
T376G,2097
V445S,2083
T376S,1981
N450K,1954
T376V,1952
S375G,1907
S371R,1880
K417R,1866
V445I,1827
S477T,1823
T376F,1795
S477D,1726
T478E,1717
F490I,1674
V445T,1673
L452H,1666
S371C,1645
T376L,1628
S375V,1620
V445F,1597
V445L,1574
N450G,1559
Q493R,1456
S477G,1446
G339Y,1431
Y505N,1424
S371P,1421
T478Q,1392
Q493K,1375
E484T,1359
E484S,1343
E484P,1330
T478R,1303
S477K,1301
S375Y,1300
S375I,1298
Y505Q,1285
Q493E,1254
T478N,1247
D405S,1238
E484G,1208
Q498K,1173
L452I,1170
S375L,1129
Y505R,1117
N501S,1114
Y505S,1096
N460Q,1066
Q498H,1066
T376P,1052
N501G,1038
D405T,1033
Y505D,998
Q493N,985
Q498S,982
R408F,967
N450H,942
Q493H,925
S373Q,913
S477H,900
D405G,896
R408I,889
T478V,875
N440D,874
Q493M,838
N501F,803
N501H,801
Q498T,777
N450Y,766
S373T,741
G496S,739
S375C,730
N501D,726
N450I,710
L452P,697
R408L,695
S375T,672
F490C,671
N501K,656
G496D,653
S373H,632
Q493L,619
G496N,618
G496A,594
G339V,543
G496R,527
S375P,516
E484V,487
G496V,465
Q498P,447
Q493P,435
N501C,431
T478M,420
D405K,419
P384R,418
S494T,417
R408P,415
G496F,381
S477I,371
T478I,355
S477R,348
Y505F,346
P384F,335
T470S,319
S494P,319
V483S,315
P384L,314
S371N,310
S494G,301
D405H,297
P384H,294
E484R,293
P384S,289
S494A,285
Q498L,272
R357T,272
P384T,268
T470K,266
T470R,264
A348E,264
E484I,258
P384A,247
S373A,235
V483T,234
R357I,228
R357Q,227
T430S,223
T470A,217
T385R,215
N354K,215
R357N,214
R357S,203
V483A,194
L455R,192
A435G,189
T376D,189
V483G,189
Q498I,187
T430R,185
P384Q,180
T430A,180
Y505L,179
D428N,177
L455V,176
G496C,176
S477Y,175
E340D,174
L455S,174
K417Q,170
E471D,170
T470N,170
D405I,168
S494R,167
A435S,160
L455I,159
T385N,158
S375M,155
L368I,155
A435E,154
E340G,153
A475E,153
N354D,152
A435F,151
L455M,151
T430V,150
L368F,148
L368M,146
H519N,146
V483I,145
A520G,144
A522G,143
A435V,141
H519P,141
L455P,140
T430I,140
L517M,139
S373R,138
E340K,137
T430N,136
N481K,134
T385I,134
A475S,132
T430M,132
E471K,131
K462E,128
V483L,128
A348P,127
L517I,126
R357K,125
L455F,122
A344E,121
A522V,120
A348S,118
N481D,118
L517S,117
E340Q,117
E516K,117
D420E,117
T376R,116
T385A,116
T385V,115
P479T,115
V367I,112
V483M,111
A475G,110
P479S,109
L517V,109
L368V,109
A522S,108
T385S,108
D420N,107
N354S,106
H519S,104
A520E,102
N481S,102
V367T,100
E340A,99
H519Q,99
N448K,97
V367M,97
N450R,97
A475T,96
N394D,96
T430P,96
L517Y,95
L517F,95
E471Q,94
L517P,92
A522T,92
A348G,91
D405E,91
A522E,90
A520S,88
N354G,87
V367L,85
N354T,84
A435T,84
P521Q,84
A348T,82
V367F,82
P337S,82
N394S,82
R357M,81
L335F,81
L335M,80
E340R,80
L335I,80
Y489H,79
D427N,79
A520P,79
A520V,79
N481T,77
N487K,77
K462A,77
R357L,76
L517H,76
I434F,75
V367Q,75
D428S,75
S373F,74
D420G,73
A348V,73
N394Q,73
N394T,73
A522F,73
L335S,73
S494F,73
V367A,72
E406K,72
N394K,72
P521A,72
L513V,72
A520T,71
P521T,71
K462Q,71
H519F,71
P521S,71
D420S,70
N394H,70
P337T,70
N394Y,70
H519R,69
L335V,69
A475P,68
N354H,68
L335P,67
L368S,67
D420K,66
I434V,66
K462T,66
E471H,65
A344G,65
E471R,65
L455Q,64
D428E,64
L455Y,64
E406H,64
D427E,63
D427S,63
A344S,63
D389N,62
D389E,62
N439K,61
D420P,60
R346L,60
T393R,60
T385P,60
L335H,60
T415A,59
I434L,59
A348F,59
Y489W,58
A475V,58
K462N,58
L335R,57
N487D,57
T500S,57
N448D,56
N394G,56
E340V,56
P479Q,56
H519Y,55
T385M,55
L513I,55
L368Y,55
L441V,55
N439S,54
P337Q,54
D427G,54
T523A,53
G476S,53
E406D,52
Y489F,52
D427A,52
D427H,52
P479H,52
E406Q,52
P337A,52
L441S,52
G476D,51
E471G,51
A344P,51
N439D,51
L441M,50
D428H,50
N448G,50
I434M,50
R403S,50
D405Y,50
D428A,50
F486P,49
S375A,49
T500A,49
R403T,49
K462M,49
R357H,49
P337H,49
Y489N,49
L518P,48
N439H,48
Y489S,48
V341I,48
A344T,48
V382S,48
F456Y,47
R403K,47
T523S,47
G485D,47
A352G,47
D389A,47
R403Q,47
E406V,47
P337R,46
A352V,46
V382A,46
V362S,45
E406R,45
V341T,45
L513M,45
K462R,44
T393K,44
I468N,44
R403I,44
Y473S,44
F456I,43
N481H,43
N481R,43
D389S,43
L513Y,43
G485E,42
T500N,42
T393M,42
N439T,41
P479A,41
N448H,41
N487T,41
V503S,40
T415M,40
N439G,40
E340H,40
V395I,40
E516D,40
T523V,40
T415S,39
V341S,39
T393I,39
L513F,39
S373Y,39
N448T,39
A344I,38
L513S,38
A344V,38
L441I,38
N448S,38
Y508H,38
N487G,38
V341M,38
R403H,38
V341L,38
Y449D,37
Y489C,37
D389G,37
R403L,37
V503T,36
T415N,36
V382G,36
V503A,36
V483F,36
D420H,36
S359F,36
V382I,36
S373L,36
K458R,36
V341A,35
T415K,35
Y449S,35
E340S,35
T523N,35
D389H,35
T415R,35
D428G,35
A352F,35
Y369N,35
I434A,35
F456M,35
S494L,35
Y489D,34
Y508I,34
D389K,34
S359A,34
A352L,34
G485S,34
V341F,34
V341G,33
V382M,33
F456S,33
F456C,33
V362T,33
Y421N,33
V395A,33
L368R,33
L518F,33
G485N,32
H519L,32
L441Q,32
P521R,32
T523M,32
S359R,32
L518M,32
E406A,32
Y489V,32
F456L,32
T415I,32
L518V,32
V382P,31
T500V,31
T500R,31
V382L,31
Y453F,31
K458E,31
T500M,31
Y449V,31
F456V,31
V503I,30
T393S,30
Y453H,30
T523I,30
Y473N,30
A411E,30
S371G,30
T393A,30
P499S,30
E516S,30
F374G,29
S359T,29
D389Y,29
V503L,29
S459A,29
N487S,29
Y421W,28
E406G,28
G504E,28
N439Q,28
A435C,28
A397S,27
L455H,27
S359N,27
L518H,27
Y449N,27
I434T,27
L518I,27
L518R,27
V395M,27
G482S,27
Y421S,26
L518Q,26
K458Q,26
Y453N,26
K458N,26
V395T,26
Y449F,26
Y508N,26
F374M,26
V503G,26
E516Q,26
T393V,25
N360D,25
T523P,25
V395S,25
V382F,25
F374Y,25
E516G,25
Y508L,25
Y449H,25
N448I,25
V503M,25
V395L,25
T500I,25
K462I,24
A522P,24
Y508S,24
Y369F,24
F456G,24
V362L,24
A352S,24
S459P,23
I468T,23
E340T,23
Y421F,23
A397T,23
T345S,23
L368Q,23
L461M,23
Y508W,23
Y369S,23
A522C,22
T415P,22
Y473W,22
I472S,22
S514G,22
L441R,22
T393N,22
F374S,22
F374L,22
A352T,22
A435P,22
Q474E,21
L441P,21
L441F,21
F374V,21
F515Y,21
L390S,21
I468M,20
V433I,20
G504A,20
N360Y,20
Y508F,20
S514A,20
D428V,20
Q474K,20
L390F,20
F338M,20
V395F,20
S459G,20
Y369R,20
L390V,20
N360K,19
F338Y,19
S514T,19
F392L,19
I434Y,19
I468P,19
G504S,19
S514F,19
L461S,19
N487H,19
F374I,19
S443G,19
A411S,19
I472L,19
Y453W,19
V362I,19
A411P,19
Y453S,19
N439Y,19
A411G,18
V362A,18
I472M,18
S514V,18
V433T,18
K378E,18
S443A,18
S359P,18
I358F,18
G447E,18
V433L,18
I472A,17
R403N,17
G447D,17
Y473F,17
S459V,17
G476N,17
P499T,17
I358V,17
N370D,17
E471V,17
I358M,17
E516A,17
A363L,17
V433A,17
S443P,17
Y473V,17
L461I,17
F392I,17
Y421D,17
Y369W,17
V503F,17
P499Q,17
F515W,16
G447S,16
A363I,16
F338V,16
A372G,16
P521H,16
I468S,16
Y473H,16
E465D,16
L390H,16
N448Y,16
V433M,16
A397G,16
I472T,15
N360S,15
S349P,15
L518S,15
Y421H,15
A372T,15
L461V,15
A435I,15
N370H,15
D428Y,15
G504D,15
I410V,15
Y449W,15
I434S,15
A475I,14
F515I,14
V433S,14
S443T,14
I468V,14
G447N,14
T345N,14
A363V,14
G413D,14
V362F,14
D427V,14
N487Y,14
F338I,14
I410T,14
A372S,14
F338P,14
N360Q,13
A352P,13
T523R,13
S349N,13
F515M,13
V367P,13
A363F,13
F392V,13
I468L,13
P479V,13
N360G,13
I418V,13
V407I,13
F515V,13
K378N,13
N370K,13
P499R,13
V362M,13
S443R,13
L390Q,13
T345A,13
I410S,12
L390M,12
S459T,12
E465G,12
N360R,12
V511S,12
Y369H,12
F515S,12
F338S,12
F392M,12
S349G,12
N439I,12
I472F,12
N388H,12
G485A,12
D427Y,12
A363T,12
L461F,12
W436S,11
C336G,11
V341P,11
Y421V,11
P426Q,11
A363G,11
N481Y,11
I410M,11
I472V,11
F338L,11
S443N,11
L390I,11
I468F,11
V362G,11
P499H,11
L461Q,11
K378T,10
A522I,10
L452F,10
A411T,10
P426S,10
K458M,10
A372E,10
N388T,10
Y351W,10
V433F,10
A397V,10
F464Y,10
N487Q,10
T470M,10
Y453C,10
S359G,10
G504P,10
V510A,10
Q474N,10
W436F,9
N388R,9
N360H,9
T345R,9
A411V,9
I358S,9
I418L,9
Q414E,9
K378R,9
K378Q,9
I358L,9
A435N,9
C336F,9
S349T,9
I358A,9
Y396S,9
T500P,9
Y449G,9
Y365G,9
S459F,9
P479R,9
I410F,8
G413S,8
N481I,8
V407M,8
Y369D,8
A411L,8
V510L,8
Q414R,8
S514P,8
I418N,8
F392W,8
Y396N,8
P426H,8
N370G,8
T415V,8
Y473L,8
I418M,8
V511T,8
I472N,8
K386S,8
G476K,8
V510I,8
Y505P,8
K462S,8
I358T,8
A363S,8
G502D,8
E465A,8
S349A,8
N370S,8
E465Q,8
G413N,8
F342M,8
E471A,8
A372V,8
F515L,8
D364E,8
F392Y,8
I410L,8
G413E,7
P499A,7
W436R,7
Y453L,7
N388S,7
I418S,7
N370T,7
W436L,7
Y380H,7
Y396V,7
P426A,7
A397F,7
S459L,7
Q414V,7
N370Y,7
F374C,7
N487I,7
N388K,7
S514L,7
I410N,7
V511L,7
Y396H,7
P426T,7
G447F,7
Y380S,7
V511I,7
I402M,7
Q414H,7
I418F,7
F342Y,7
S438G,7
N388Y,7
G502S,7
R466Q,6
K386N,6
G504N,6
V511M,6
L335C,6
G482E,6
P463R,6
P463L,6
V433G,6
C336A,6
V407T,6
F342S,6
P463V,6
Y449E,6
G502N,6
P463A,6
Q414M,6
Q414L,6
F347V,6
S383A,6
Y453V,6
W436Y,6
T500K,6
G482N,6
V407L,6
L513H,6
V407F,6
N370Q,6
N388D,6
K386T,6
C336L,6
V407A,6
K386R,6
F515C,6
D364H,6
G381S,6
T345P,6
Y380W,6
Y473C,6
Q474R,6
F347S,6
A372L,6
Y351F,6
F497Y,5
K424E,5
F342L,5
G447R,5
V511A,5
W436G,5
Q414K,5
V512M,5
F347M,5
F497V,5
E465K,5
D364Y,5
F464S,5
C336I,5
I402V,5
W436V,5
P412A,5
N343K,5
A475L,5
A372P,5
Y351H,5
G447V,5
Y421L,5
Y421C,5
Q474M,5
Y451S,5
Y365H,5
S349F,5
L461P,5
G404A,5
L492M,5
S443V,5
S443F,5
G482D,5
G404N,5
T385K,5
K424Q,4
G404R,4
F392C,4
Y369V,4
V510S,4
K378M,4
E465S,4
K386M,4
V483P,4
S349R,4
Y380F,4
R457Q,4
G404D,4
F400L,4
C336N,4
F347P,4
L425Q,4
E516V,4
I418T,4
Y396I,4
E465R,4
K424N,4
Y380I,4
F347L,4
Y365F,4
G447A,4
Y396W,4
V382T,4
F464L,4
Y508C,4
I410R,4
Y451F,4
F429Y,4
Y451C,4
A520C,4
G504V,4
V510G,4
V510T,4
K386V,4
Q409H,4
C336Y,4
G502R,4
L492S,4
I402F,4
D364N,4
S438T,4
V524M,4
Y396F,4
G381D,4
A344F,4
G404S,4
W353L,3
G381E,3
D442E,3
F429S,3
F342V,3
F400S,3
P337L,3
L492I,3
F497S,3
V511G,3
Q409N,3
G413A,3
T345I,3
R509T,3
V512I,3
K378I,3
V524G,3
V524F,3
Q409E,3
N437S,3
K458P,3
G381A,3
L425I,3
G482A,3
S443L,3
S438A,3
V512A,3
L425V,3
F392S,3
A419T,3
F400V,3
I402L,3
V350I,3
K424R,3
F400I,3
D364G,3
L492V,3
R466K,3
S383G,3
Y351N,3
V510M,3
L425P,3
P412Q,3
Q414P,3
F400W,3
A397L,3
L492Q,3
S438N,3
E516R,3
F429L,3
G476A,3
V407E,3
V350S,3
S383P,3
R466T,3
D364S,3
F342I,3
E516H,3
K386I,3
P499Y,3
F464V,3
C391R,3
K424T,3
T345V,3
P337F,3
R457K,3
Q409K,3
E406N,3
C336S,3
F347Y,3
F400M,3
Y380N,3
N343S,3
Q493S,3
F400Y,3
S438R,3
S366A,3
Y351S,3
T345K,2
D442P,2
S349L,2
P412S,2
N343T,2
R457H,2
S514C,2
N437K,2
V524I,2
S383V,2
D420Q,2
Y365W,2
V524A,2
K386L,2
V512L,2
I402A,2
F338A,2
F497I,2
G504R,2
L335Y,2
A397P,2
C361A,2
A363P,2
L492H,2
F429I,2
Y489L,2
G485R,2
S438P,2
R466H,2
F342G,2
F377V,2
I418R,2
L425S,2
G416D,2
V524T,2
S383N,2
V350L,2
I418P,2
T345M,2
V524S,2
W353V,2
Q409M,2
Q409R,2
Q409P,2
Y351C,2
T470V,2
D442H,2
P507A,2
N388I,2
R457G,2
S438F,2
K458T,2
W353G,2
Y451D,2
Q506K,2
I358P,2
N343D,2
D442G,2
L368P,2
L425M,2
Y473D,2
Y380D,2
G502V,2
F464I,2
F377C,2
G446P,2
P507T,2
S366G,2
S438V,2
V350F,2
C391F,2
G485K,2
R403G,2
E484D,2
N343H,2
Y351D,2
S366T,2
L387I,2
Y451H,2
F497C,2
Y351I,2
F347A,2
Y451W,2
L390P,2
Y495W,1
F497L,1
Q474H,1
F342P,1
P491T,1
L425R,1
Y495D,1
Y369Q,1
N437G,1
Y365S,1
S469G,1
Y495F,1
W436C,1
P463Q,1
P463S,1
N354Y,1
Q506R,1
S359V,1
K458A,1
V401L,1
V511F,1
C391G,1
Y451N,1
N437Q,1
A344C,1
P479L,1
F377L,1
F338C,1
S366F,1
G485C,1
W353Y,1
A419I,1
V512S,1
Y365N,1
V524L,1
L492F,1
C361L,1
S366L,1
G502P,1
F464P,1
C391L,1
Y365C,1
E465H,1
Y453I,1
G502A,1
H519D,1
F347I,1
I402T,1
F456P,1
D442V,1
V401T,1
Y449C,1
A352C,1
F429V,1
Y489Q,1
Q506M,1
G482K,1
P491A,1
L452M,1
S366C,1
P507S,1
R457S,1
Q506E,1
R509S,1
C336V,1
G476R,1
S469V,1
S383T,1
G416S,1
C432G,1
V512F,1
V512T,1
Y495L,1
N437D,1
P507Q,1
N360T,1
L425F,1
L387R,1
G413V,1
E465V,1
G416A,1
S383L,1
P507H,1
L492P,1
V395G,1
K378L,1
F497P,1
R457I,1
V503P,1
Y453D,1
Y495S,1
W353R,1
V401M,1
F400C,1
N501R,1
V350G,1
Y365D,1
V401S,1
S443C,1
R509H,1
I402S,1
Y351Q,1
F429W,1
R457T,1
G381I,1
W353S,1
Y380C,1
