mutation,rank
D405N,0.0
S373P,1.0
T478K,2.5
S477N,3.5
Q498R,5.0
S371F,6.5
T376A,6.5
N501Y,6.5
E484A,7.5
Y505H,8.0
S375F,8.5
R408S,10.5
G339D,12.0
Q493R,13.0
K417N,14.0
N440K,15.0
L452K,18.0
L452R,18.0
L452Q,18.0
N440D,19.0
L452N,21.5
L452H,22.0
N440E,23.0
K417I,26.0
K417V,28.0
G446D,30.0
L452M,30.0
R346N,30.5
N440R,30.5
N440S,31.5
R346T,32.5
L452F,34.5
G339N,35.5
K417Y,35.5
N440T,36.0
F486S,38.5
Q493K,38.5
N440Y,38.5
L452I,39.0
G446N,39.0
N460K,41.0
F486P,42.0
F486A,42.5
K417D,43.5
R346Q,45.0
G446T,45.5
F486G,46.0
N440H,46.5
R346K,46.5
R346S,47.0
N440G,47.5
K417T,47.5
G446S,48.0
G339E,48.5
G446R,54.0
G446A,54.5
Q493H,57.0
K417S,57.5
K444E,58.5
N460R,61.0
R408E,61.5
R346G,61.5
F486V,64.5
N460S,67.0
N460T,67.0
N460D,69.5
G446V,71.0
K444Q,71.0
L452E,72.0
Q493T,72.5
F490S,72.5
R408N,74.0
E484K,74.5
Q493M,74.5
K444N,76.0
K417R,76.0
N460H,77.5
G339H,78.0
N460Q,79.0
R408T,80.5
Y505N,81.0
G339T,82.5
F490A,83.5
K444T,83.5
E484P,86.0
R408K,86.5
K417A,88.5
S375G,89.5
K444D,90.0
K444G,90.5
N460G,91.5
K356T,92.5
R408G,92.5
F486Y,96.0
T376V,97.0
Y505Q,97.5
S371Y,99.0
T376R,99.5
G339K,100.0
S375A,100.5
N501S,101.5
T376E,104.5
S375V,107.0
N460A,109.0
Q493P,111.5
S371N,113.0
T376S,113.0
S375T,113.0
Q493V,114.0
Y505D,114.5
F486L,115.0
S371L,116.0
E484T,116.5
S371V,116.5
V445A,116.5
R346V,116.5
G339S,117.0
E484R,118.5
S375Y,120.5
Q498H,120.5
Y505R,121.5
E484S,121.5
F490T,122.0
V445S,124.5
Q493L,124.5
S477T,126.0
G339Y,126.0
F490M,127.0
T478E,127.0
F490Y,128.0
F490Q,129.0
V445P,131.0
N450T,131.5
Q498K,131.5
N501L,132.0
S375N,132.0
Y449D,132.5
F486I,132.5
N501D,133.0
N450D,133.0
S477D,133.5
R346I,135.0
T376G,136.5
S371A,137.0
G446K,137.0
S371P,138.5
K444S,139.0
S371C,142.0
K356E,145.0
K444R,146.5
R408Y,152.0
K356Q,155.5
Y505S,158.0
Q498T,158.0
L368I,159.0
K444M,159.0
T376N,159.5
Q498S,160.5
T478Q,162.0
F490V,162.0
Y449S,162.5
S373N,163.5
K356N,163.5
Q498G,164.0
V445T,166.5
Y449K,167.0
S477K,168.0
K356S,169.5
T376I,170.5
L368Y,173.0
D405S,173.0
T478A,174.0
N450K,175.0
S375L,175.5
Y449N,175.5
Q493Y,175.5
T376P,177.5
Y505F,179.5
V445F,179.5
N501H,179.5
F490L,181.5
K356R,182.0
L368M,182.0
T478N,184.5
N450S,184.5
L368V,184.5
N501F,185.0
V445I,185.0
Y449P,185.5
V445M,185.5
L368F,186.5
G446C,188.0
R408P,189.0
L368S,189.0
D405T,190.0
Y449H,190.0
S373Q,190.0
N501K,190.5
F486T,193.5
S373T,194.5
V445L,195.0
N460Y,195.5
L368Q,197.0
T478R,198.0
Q498V,198.5
Q498N,201.5
E484V,202.0
Y505L,203.0
N450G,206.0
S477H,208.0
R357T,209.5
S373H,211.0
Y449L,213.0
F486N,213.5
S477G,214.0
Y449R,215.0
R357Q,216.0
N501W,216.0
R357K,217.0
G339V,217.0
L368A,217.0
S373G,219.0
D405K,219.5
S477I,221.0
S477V,222.0
S371H,222.0
N501T,222.5
F490N,223.0
Y449F,223.5
V445E,223.5
R357N,224.5
S373A,226.5
F490I,231.5
Q498L,232.5
Y505V,233.5
Q498Y,234.0
Y449V,235.5
R357S,235.5
E484Q,236.5
V483S,237.0
F490P,238.5
D405I,241.5
V483N,243.0
T478S,245.5
V483T,245.5
T478M,248.0
Q493N,249.0
N354K,251.0
S494P,252.5
L455P,254.0
K356V,254.5
D405V,255.5
V483K,256.0
N450Y,257.0
L455S,259.0
G496N,259.0
V483A,259.0
E484Y,260.0
L455Y,260.5
G496D,261.0
L455Q,261.5
E340D,262.0
K444Y,263.5
S477Y,263.5
N450V,264.5
R357G,266.0
S494N,266.5
S494A,267.0
S494G,268.0
R357L,268.0
G496S,270.5
S373R,271.0
L455V,272.0
N450I,275.5
P521G,278.5
A411E,279.0
S375P,280.0
P463T,280.5
V483I,281.0
E340K,281.5
G496P,281.5
G496A,282.5
A348N,282.5
A522Q,283.5
N440I,284.0
K356M,285.5
E340Q,287.0
E340P,287.0
D405F,287.5
A411G,288.0
A348P,289.0
A475E,292.5
H519P,295.5
L455F,296.0
L455M,296.0
L455I,297.0
G496R,297.5
A522S,298.5
N354T,301.0
G496V,301.5
D405P,302.5
A522G,303.0
S371T,306.0
A372G,306.0
V483L,307.5
P521K,309.5
A344E,310.0
N354D,310.5
H519N,312.0
A520G,313.0
V483F,313.5
A411T,319.5
L517S,326.0
E340A,326.5
L517N,330.5
A411N,332.0
A522V,332.5
A411P,334.5
S494R,334.5
A520E,335.0
L452T,336.5
P384A,336.5
N448D,337.0
H519D,339.5
V433I,341.5
Y508H,341.5
A522T,342.0
P479T,342.5
A522R,343.5
A411S,344.5
N354S,344.5
L517M,345.0
A348E,346.5
P463S,347.0
A348S,349.0
V367T,350.0
A344S,350.5
A372T,352.5
A522E,352.5
T430I,353.5
F456T,353.5
T470S,355.0
R357P,358.0
E340R,358.0
V367F,360.5
L517Q,362.5
A372S,363.0
A520Q,364.0
N439S,364.0
G476D,365.5
P463V,366.0
E340S,366.5
G447N,368.5
F456K,369.0
P521S,370.0
A348T,371.0
T430S,377.5
V433A,378.0
A344G,378.5
V367M,378.5
G504N,379.0
R403V,379.5
F490R,380.0
T430V,380.5
G476S,381.0
G447D,384.0
R403T,384.0
F486M,385.0
P463A,386.0
A344P,387.0
P521Q,388.5
A348G,389.0
T430R,391.0
P479S,392.5
N439T,392.5
L517V,394.0
L517I,394.0
P463Q,395.0
E340V,395.5
Y508S,395.5
A344T,396.5
Y508V,397.0
G447S,398.0
Y489H,398.0
N481K,399.5
R403S,400.0
V433M,400.0
D405Y,400.5
L441S,401.5
N448S,401.5
A411R,402.0
V367S,405.0
E471D,405.5
N439D,405.5
V433L,406.0
T470A,406.5
E340N,410.0
T430K,411.0
T523S,413.5
V367A,416.0
G476N,416.0
R509K,416.5
A372E,417.5
T430A,417.5
V367I,418.0
T385N,418.5
D405G,419.0
H519R,420.5
S494Y,421.0
Y489N,421.5
Y489K,424.5
V433T,425.0
A348Y,425.5
H519Q,426.0
R403Q,426.0
N448T,426.5
P384N,427.0
A344Y,427.0
K356I,431.5
V503P,431.5
A475N,433.0
N394D,433.0
A522P,434.0
P384F,434.5
V503T,437.0
Y508N,439.0
N394T,440.5
P384L,440.5
K462Q,441.5
T523N,442.0
A348V,445.0
R509Q,446.0
T470K,447.0
N448K,450.0
V367L,452.0
N354R,452.5
L441M,455.5
G485N,456.0
S373V,456.0
T523A,456.5
N481D,457.0
V433S,458.5
V433F,459.0
T523V,461.0
L441V,461.0
L517Y,461.5
N439K,462.0
Y489S,462.5
I468N,463.0
T385A,463.0
R403L,463.0
G485S,463.0
F456G,464.5
A372N,465.0
A344V,466.5
A475T,467.0
P521A,469.5
P384S,470.0
V483P,470.5
N439V,471.5
Q409E,472.0
A411V,473.5
T478V,476.0
R403K,476.5
P499S,477.5
P384T,478.0
P384Q,479.0
K462E,480.0
K444I,481.0
G504D,481.5
P384V,482.0
A520R,483.0
Y508K,483.5
Y495K,484.0
A344N,485.0
R403Y,485.0
T500G,485.0
F456S,485.0
V395I,485.5
E516K,486.5
L461Q,486.5
A520S,487.0
V503I,488.0
Y495H,488.5
N394K,488.5
T385S,489.5
P499Q,491.0
T470N,491.0
V503S,491.5
V341I,493.0
Y495F,493.5
Y495N,494.0
L518V,494.0
V341T,494.5
E516D,496.5
L518N,497.0
L518Q,498.0
E471K,498.5
N481S,498.5
D428N,499.0
L518S,499.5
N448I,500.0
V503L,500.5
Y369N,501.0
L335V,501.0
Q409K,501.5
F456Y,502.5
T430N,503.5
T385K,504.0
A372I,506.0
L518Y,507.0
A520T,507.0
L368P,508.0
D405L,511.5
L517F,512.0
A520V,512.0
L335S,512.5
N394G,514.5
A372V,515.0
A372P,515.0
T523I,517.0
L441Q,518.5
P463H,518.5
L461I,521.0
A475G,522.0
L335M,523.0
A435G,523.0
N354G,523.0
S373L,523.5
T523K,523.5
Y489D,524.0
N481T,524.0
R509E,525.0
L335I,525.0
Y369D,526.5
P479V,526.5
F342Y,528.0
V341A,529.0
V341F,529.0
V503A,530.5
G485D,534.0
L441I,534.5
T430E,535.0
F456W,535.5
V341P,536.0
Y489F,536.5
L461V,537.5
A520P,539.5
H519Y,540.0
P479N,541.5
Y453R,545.0
A352E,546.0
E516Q,548.5
N439I,549.0
G496C,552.0
G476T,552.0
T523G,553.5
N439Y,555.0
Y508F,556.0
Y369K,557.0
E471Q,558.5
K462A,559.5
T470R,563.5
V503F,564.5
T523P,564.5
Q409H,566.0
I434V,567.5
A475S,569.0
L518I,570.5
P479Q,574.0
K462R,574.5
L461M,580.0
I410L,581.5
I410V,582.5
A475P,582.5
R466T,584.0
K378E,585.0
T500S,586.5
Y489V,589.0
D427E,590.5
L335Y,591.5
V433G,592.5
Y369F,594.0
R403N,594.5
P337T,594.5
H519F,597.0
T415R,598.5
Y495E,598.5
T385V,600.0
Y495L,602.5
V367P,603.0
G482S,603.5
G482N,603.5
I472S,605.0
V395A,605.5
R466K,606.0
Y495T,606.5
V362S,606.5
A435V,608.5
P463L,608.5
L518F,609.0
I468V,611.0
K378R,613.0
K462N,613.5
V362T,613.5
N501Q,615.0
Y369L,615.0
T500K,615.5
D420E,616.0
F515Y,616.0
N448V,617.0
F515A,619.0
R403P,619.0
S494F,621.0
L441Y,622.0
A435E,623.0
Y453L,624.0
K378D,625.0
V395T,626.0
L441A,627.0
R466S,628.0
N448Q,628.5
I410M,630.0
L461S,630.5
Y453N,631.0
G447K,631.0
Y473S,632.0
G504S,632.5
K378Y,632.5
V395L,633.0
G413N,634.0
A352G,634.0
A435S,634.0
Y473N,636.0
V395E,636.5
P479H,638.5
Q409R,638.5
I434F,639.5
T376M,641.0
P337S,641.5
K378N,643.0
L335F,646.0
Y473R,646.0
P479A,646.5
V395S,646.5
A435Y,647.0
Q409M,647.5
R466Q,648.0
F342A,649.5
Y508L,650.0
F342T,655.0
P499G,658.0
L518M,659.5
V341S,660.0
P337Q,663.0
F515V,663.5
V341M,664.0
L335Q,664.0
K462T,665.0
Y453F,665.0
I468S,666.0
N487K,666.0
T500I,668.0
F342S,668.5
T500V,669.5
T478L,669.5
Y453H,671.5
I472V,672.0
P499H,672.5
N354H,673.0
Q409N,675.5
T385I,675.5
G502S,676.0
K378F,677.0
I472M,677.5
I472T,678.0
I472L,679.0
T500M,679.0
S359T,684.5
G404D,685.0
G504A,687.0
Y473K,687.5
F392I,689.5
T385R,690.5
I402M,693.0
L335P,694.0
D427N,694.5
Y473E,696.5
Q414K,696.5
G447A,698.5
D420N,703.0
T415K,704.5
D427A,706.5
H519L,707.5
N394Y,709.5
P521T,711.0
F456V,711.5
N439P,713.0
I410T,713.0
T430G,716.0
G502D,717.0
T415A,717.5
L441F,719.0
N394V,722.0
A344I,725.0
V341L,727.0
Y369H,728.0
A435N,728.0
N448Y,728.5
T415S,731.0
R509S,732.0
R355Q,732.0
N487D,732.5
L513I,733.5
I402V,733.5
S459P,737.0
F338Y,737.5
Y489L,738.0
S443N,740.5
A435T,740.5
Y369S,741.5
L390Y,744.5
R509P,745.5
S494L,746.5
D427H,747.0
N487S,748.5
G404N,749.0
L513V,750.0
G485A,750.5
F515L,750.5
I472Y,753.5
E465D,754.0
L335C,755.5
G413T,756.5
A352V,758.5
S399A,759.0
I468T,762.5
S459N,764.5
P384H,765.5
I434M,768.5
K458R,771.5
E516G,771.5
Y453S,772.5
P412A,773.0
Y508D,774.5
I410Q,775.0
D442E,776.0
Y351F,777.0
Y473F,777.5
N487T,778.0
F515K,778.5
A352T,779.5
F347P,780.5
N370D,784.5
D427K,787.5
Y421S,788.0
D467E,789.0
D420K,791.5
T500A,792.0
L492T,792.0
A475Y,794.5
A475R,795.0
Y421D,795.5
S349P,795.5
W353S,797.5
Q409Y,798.0
K378G,798.5
T385M,798.5
G482D,798.5
W353V,799.5
S443Y,801.0
L390M,801.5
P337R,802.0
T478G,802.0
L513Y,802.5
K462V,804.0
Q414E,805.5
N437K,807.5
L461Y,808.5
V503G,809.5
N394S,810.0
T415V,812.0
G496T,813.0
N370K,814.0
I434L,814.5
W353R,814.5
Y453K,816.0
I402L,816.0
S514N,817.0
V524I,817.0
P521H,817.0
Y473H,817.0
Y451S,817.5
S349T,818.5
N354Y,819.5
F342L,822.0
G482P,822.5
E471P,823.5
V382I,824.0
G447Y,824.5
F497A,824.5
Y351S,825.5
T500N,825.5
T415I,826.0
Y351K,826.5
S469T,826.5
Y495V,826.5
Y351N,827.0
L492S,828.0
S514Y,828.0
V382S,830.5
K458N,830.5
P499A,830.5
S359R,832.5
Y453P,832.5
F347T,832.5
G413S,833.0
S459R,834.5
L390I,835.0
S459A,836.5
F456L,836.5
L461F,838.5
F497Y,839.0
W353K,840.0
V382G,840.5
L441N,840.5
V395F,841.0
N437S,842.0
K378P,842.5
S359N,844.0
S514G,845.5
Y421H,846.5
W436F,847.5
T415N,849.5
V362G,851.0
V362L,851.5
F464Y,851.5
S383N,851.5
V395P,852.0
V362F,852.5
P337A,854.0
R454K,854.5
E471A,855.0
K462S,856.5
K462D,861.0
W353L,861.0
S349N,862.0
Y453A,864.0
V407S,866.0
V407A,866.0
Q414H,866.5
L513M,867.0
D428K,867.0
N370S,868.5
A344D,870.5
S459G,871.5
T345S,875.0
D427P,875.5
S349G,876.0
Q414N,877.0
A352N,877.0
Y423F,877.0
L513F,877.0
V382P,877.5
V362I,878.5
G416S,880.0
T393A,880.0
Q506K,881.0
G413D,881.0
F338S,883.0
S359D,883.5
G447V,883.5
Y451N,885.0
S399G,886.0
I468L,886.0
R355S,890.0
S443P,890.0
S469P,890.5
N437T,892.0
S359P,892.0
L390S,893.5
G447W,893.5
A363Y,894.0
I468F,896.5
Y421K,897.0
V524G,897.5
S438G,897.5
I402T,900.0
E471R,900.0
Q474E,900.5
Y473L,901.0
S359G,901.5
L492M,903.0
I402Y,903.5
S371G,905.5
S443A,906.0
F392L,906.0
N437D,908.5
T393S,908.5
E406K,913.5
S383P,914.0
K458E,914.0
S383T,916.5
A435P,917.5
C361A,918.5
I434S,918.5
D420S,919.0
S349A,919.5
S359F,921.0
N360F,923.0
I410N,924.5
C336G,925.5
D442N,926.0
Y396K,926.0
N370T,927.0
K386D,927.0
V362A,927.5
I468Y,928.0
Y365D,929.0
N360K,929.0
K386Q,929.5
F342P,929.5
T415M,930.0
S399T,930.0
Y421N,931.0
F497S,933.0
V395M,933.0
F429A,937.0
P337N,937.0
S443G,937.0
F392A,937.5
F497L,938.0
F347A,940.0
D467N,940.5
E516A,942.0
V382T,942.0
Y396H,943.0
A352S,944.0
Y421L,944.5
T393K,946.0
F347L,948.0
F338P,949.5
F338A,950.0
A352P,951.0
R466V,951.5
F486W,951.5
E465K,953.0
T393V,953.0
R509G,953.0
Q414T,953.5
F342G,954.5
Y396N,954.5
I418R,955.0
S349F,955.5
K458Q,956.5
D428P,956.5
N448L,958.0
I358M,960.0
P412N,960.5
D420P,962.0
I410K,962.5
Y396S,963.0
Y351L,964.5
V407L,965.0
R454T,965.0
Q414M,965.0
K386E,965.5
R509V,965.5
F338D,966.5
Q409P,967.5
V511T,968.5
G504P,969.0
P337V,969.0
I472N,970.5
Y369P,970.5
T393I,970.5
F497N,972.0
Y421F,973.0
V407T,974.5
Y396F,974.5
P412T,975.5
F347S,976.5
L390V,976.5
N422D,977.0
V382A,977.5
R355H,980.5
C361F,981.0
A363V,981.5
I434T,982.5
F342V,985.0
L492V,985.5
G502L,987.0
G476A,987.5
D420H,987.5
F429Y,987.5
P507Q,988.5
F347Y,989.0
L441K,989.0
S383G,989.0
V407I,990.0
Y451K,990.5
V503M,992.5
S469R,996.0
I418L,996.5
I402S,1000.0
W353F,1001.0
Y351R,1001.0
S438N,1001.5
A397S,1002.5
I468M,1002.5
P412S,1004.0
P412H,1005.5
Y365N,1006.5
D428H,1008.5
C336A,1010.5
V407F,1011.0
I358F,1011.0
L390F,1012.0
N422K,1013.0
V511I,1013.0
G476R,1013.5
G416D,1014.0
A397T,1014.0
Y365F,1014.0
V407M,1016.0
S383R,1016.0
F338K,1017.0
Y351H,1018.5
S399P,1023.0
W436S,1023.0
A397E,1025.5
V524S,1027.5
P507S,1027.5
I418V,1028.0
T478I,1028.5
N481I,1030.0
S399F,1031.0
I434Y,1031.5
L390Q,1033.0
F392V,1033.5
K458D,1033.5
Q506E,1035.5
E406A,1036.0
A363T,1036.5
W353Y,1037.5
F464K,1039.5
Q409L,1040.0
L390N,1040.0
K462M,1040.5
F497V,1041.5
Y451L,1042.0
G416N,1042.5
S469G,1042.5
T345A,1043.0
A419E,1044.5
C361Y,1046.0
E465Q,1047.0
G502A,1047.0
W436R,1047.0
R466E,1047.5
G482A,1048.0
V350I,1049.0
Y351P,1049.5
N481F,1049.5
T470V,1050.0
F392T,1050.0
L425V,1050.5
D467Q,1050.5
G502P,1051.5
I472R,1052.0
T393N,1053.0
V511S,1053.5
A397P,1054.5
T393P,1055.0
D428G,1056.5
S349R,1058.5
N360Y,1059.0
T385L,1065.0
V524A,1066.0
W436Y,1066.5
T470M,1066.5
A363G,1066.5
G381A,1067.0
P499F,1067.5
S469N,1070.0
N487Y,1072.0
I358L,1072.0
Y451D,1072.5
R355T,1073.0
C361V,1074.0
G447R,1075.5
G404S,1076.5
Q474N,1078.0
S399R,1078.0
N360D,1079.5
D389N,1080.0
S438A,1082.5
N481V,1083.0
Y380F,1083.5
I402N,1084.0
Q414R,1084.0
F464S,1084.5
Y396W,1084.5
E406Q,1084.5
A352Y,1085.0
G502V,1085.5
N481Y,1086.0
G416A,1087.0
A363L,1088.0
D442H,1089.0
I418Y,1091.0
V524T,1091.5
Y365L,1091.5
I472F,1092.5
C391S,1093.0
F400M,1093.5
V350T,1094.0
F338T,1094.5
A419S,1094.5
D442P,1096.5
C432T,1097.0
V341G,1097.5
Y473A,1098.0
N370Y,1100.0
C361S,1100.0
P491G,1100.5
Y365K,1100.5
A348I,1101.0
V524F,1102.5
C480Y,1102.5
N422T,1103.0
G381D,1103.5
G404A,1105.0
D420G,1106.0
L425K,1107.0
V362E,1107.0
S383L,1110.0
S459L,1112.0
T523R,1112.5
R454Q,1113.0
V407P,1115.0
S514R,1115.5
S477R,1116.5
W353G,1119.0
C361L,1119.0
P507G,1119.0
F429I,1119.0
F429L,1119.0
F497K,1119.5
I358Y,1120.0
C432V,1120.5
P412Q,1120.5
I410R,1121.5
K424E,1124.0
V510L,1124.5
E465A,1125.0
D428E,1125.0
A397G,1126.0
D389E,1126.0
V382L,1127.5
V350F,1128.5
V401S,1128.5
S443F,1129.5
S459Y,1130.5
D389S,1131.0
D389G,1133.0
P507A,1134.5
V511L,1135.0
S477P,1136.0
F347V,1137.0
K386N,1137.5
G381P,1140.0
Y451F,1145.0
G485F,1146.0
C336Y,1146.0
S383Y,1147.0
R355K,1147.5
V510A,1149.0
N360T,1151.0
S514P,1152.5
L492I,1153.5
L461P,1154.5
V350S,1155.5
S494I,1155.5
T393R,1156.0
D364N,1156.0
G381S,1156.0
E406D,1157.0
N422Q,1158.5
C336S,1160.0
A475D,1160.5
K458Y,1163.5
N388S,1163.5
F464L,1165.0
G416T,1166.5
W436L,1167.5
V511A,1167.5
V511E,1168.0
V382F,1168.5
N394I,1169.0
F429S,1170.5
L425M,1170.5
W436G,1171.0
S399N,1171.5
F515N,1172.0
F374P,1173.5
E471V,1174.0
Y380D,1175.5
I410S,1176.5
A397V,1177.0
N422S,1177.5
A419T,1178.0
V510I,1178.5
Y423N,1181.0
N343D,1181.0
R355L,1181.0
P499N,1181.0
D428Y,1181.5
V483C,1182.0
Y453D,1183.0
C391A,1188.0
Y423L,1188.0
R457K,1189.0
G431D,1189.5
Y423K,1191.0
T470I,1191.5
G485L,1193.5
D398N,1193.5
S438V,1193.5
Y365S,1194.0
F429V,1194.0
N437Y,1194.5
P507V,1195.0
A419G,1195.0
I402F,1199.0
G339R,1200.5
D364Y,1201.0
Y495I,1206.0
V524L,1206.5
F347G,1207.0
D467K,1209.5
Y421P,1211.0
G526S,1213.0
Y451H,1215.0
A419N,1216.0
T345N,1217.0
I402K,1217.5
K424Q,1217.5
Y380S,1217.5
E406R,1218.0
F338L,1219.0
D420A,1220.0
S438T,1221.0
D442S,1222.5
P412V,1227.0
D428Q,1228.0
V401G,1229.0
Q474H,1230.0
S438Y,1231.0
C391Y,1231.0
P479L,1231.5
G431S,1231.5
C432F,1233.0
A344C,1233.0
D442G,1234.0
Y508W,1235.0
I418T,1235.0
N422I,1235.5
G504Y,1236.5
C391T,1236.5
E406S,1236.5
Y380P,1237.0
Y380H,1238.5
V510S,1239.5
D427S,1241.0
I418N,1241.0
S459F,1243.0
G381W,1248.0
T345P,1249.0
G526A,1249.0
V401F,1249.5
S469L,1250.0
Y380A,1250.5
S443L,1251.5
N487I,1255.5
Q474R,1256.0
C361T,1256.5
G476V,1259.5
Y380L,1261.5
K424N,1262.0
D442A,1263.5
C336F,1266.0
F464V,1268.5
R403G,1270.0
D364A,1270.0
V511F,1270.5
L513Q,1271.0
K386R,1272.5
R457V,1273.0
R454S,1275.0
C432Y,1276.5
L387S,1276.5
L425Y,1278.0
L387F,1278.0
P491T,1279.0
W436I,1279.0
G381C,1280.5
V401T,1282.5
F338G,1283.5
L461E,1286.0
S383F,1286.0
E471L,1286.5
E516V,1286.5
Y489R,1287.0
F515D,1289.0
V362Y,1292.0
D467H,1292.5
F464T,1292.5
F377I,1293.5
G485C,1294.0
V401I,1294.5
G413V,1295.5
L387Q,1296.5
T430Y,1298.0
G381F,1299.0
V483G,1303.0
F374S,1303.0
Y473P,1303.5
P499Y,1305.5
L425P,1306.0
N354I,1308.5
A475V,1308.5
A419Y,1309.0
P499L,1309.5
P426A,1310.0
K458F,1311.0
D364K,1311.0
A363N,1312.0
I358T,1312.5
D427L,1314.0
W436C,1314.5
R355G,1315.5
S366T,1316.0
E406Y,1316.5
G485V,1317.5
N360V,1318.0
S438R,1318.0
N487V,1319.5
N450H,1320.0
V511P,1320.0
S438D,1324.0
C432A,1325.5
N343K,1327.0
A372C,1328.5
V341R,1329.5
A411C,1333.0
W436D,1338.0
I418S,1339.0
G381V,1341.0
K458T,1342.0
C391F,1353.0
