mutation,frequency
D405N,176136
S373P,175466
T478K,173863
S477N,172784
S371F,167881
E484A,167841
T376A,166273
N501Y,165880
Q498R,165441
S375F,165204
R408S,162156
Y505H,161886
G339D,156507
Q493R,155425
K417N,132920
N440K,69766
N440D,21988
L452Q,16447
N440E,16446
L452K,14548
L452R,14318
N440S,11414
N440R,11165
L452N,10634
L452H,10400
G446D,10161
N440T,10066
N440Y,9668
K417I,9642
K417V,9375
L452M,9010
N440H,7921
N440G,7846
L452I,6574
G339N,6444
K417Y,6156
G446N,5952
L452F,5930
N460K,5844
Q493K,5374
Y505N,5201
R346N,5074
R346T,4859
G446T,4730
G339E,4491
K417T,4485
G446S,4269
N460R,4242
K417D,4085
G446R,4066
R346K,4027
F486S,3921
K444E,3864
K417S,3832
G446A,3807
N501S,3767
R346Q,3634
F486P,3591
Q493H,3542
R346S,3447
F486A,3438
F486G,3354
R408E,3170
N460T,3051
K417A,3045
N460S,3032
Y505Q,3023
K444Q,3020
K444N,3000
R346G,2900
K417R,2828
Q498H,2802
N460D,2740
Y505D,2684
N460H,2684
K444T,2599
R408N,2598
G339H,2567
Q493T,2563
V445A,2558
Y505R,2557
Q493M,2516
F486V,2482
L452E,2479
N460Q,2419
R408T,2389
G339T,2358
S375G,2342
K444D,2339
G446V,2292
R408K,2261
E484K,2192
F490S,2171
T376V,2081
V445S,2068
S375A,2061
T376R,2049
F486Y,2046
N460G,2014
E484P,2004
S375V,1994
R408G,1966
K444G,1964
T376E,1877
S371Y,1869
F490A,1857
K356T,1829
S375T,1778
G339S,1758
N501L,1733
G339K,1720
T376S,1669
Q498K,1632
S375Y,1613
E484T,1596
T478E,1596
E484S,1582
Q493P,1546
S371L,1533
Q498T,1500
N460A,1476
S477T,1431
S371V,1399
N501D,1390
N450T,1359
Q498G,1348
Y505S,1339
Q498S,1323
S375N,1321
G339Y,1307
S477D,1303
S371N,1301
Q493L,1298
F486L,1287
Q493V,1260
S371A,1259
E484R,1250
T376G,1244
F490Y,1240
Y449D,1230
K444S,1214
F490M,1211
L368Y,1190
T376I,1189
V445P,1154
K444R,1145
R346V,1144
S371C,1120
S371P,1108
F486I,1037
Q498N,1034
V445F,1017
Y505F,1015
F490Q,1013
V445M,987
G446K,978
L368I,966
Y449S,945
F490T,944
N501H,916
R408Y,906
L368S,905
K356E,894
N450D,886
K444M,861
Q493Y,854
T376N,837
S373N,835
T478Q,831
R346I,828
Q498V,826
V445T,823
L368Q,808
Y449N,802
D405S,792
T478A,786
S477K,781
S375L,778
Y449K,778
Y505L,777
F490V,777
T376P,741
Y449H,728
L368F,707
V445I,686
V445L,656
K356N,651
L368V,650
L368M,650
T478N,633
S373Q,612
N501F,612
N501K,584
T478R,578
K356Q,572
K356S,567
Y449P,560
K356R,553
S373T,550
N450K,539
F490L,531
N460Y,528
D405T,522
Q498Y,522
N450S,515
N501T,499
Y449R,491
Q498L,488
S477H,473
R408P,465
S371H,464
S373H,439
N450G,438
L368A,424
S477G,398
R357K,394
D405K,374
G446C,358
S373G,348
Y449L,346
E484V,333
G339V,321
Y449F,302
S477V,300
F486N,296
T478S,292
N501W,290
S373A,290
Y505V,289
S477I,284
E484Q,275
V483S,270
R357T,267
R357Q,241
F486T,240
N440I,235
V483T,231
Q493N,226
F490N,224
F490I,221
Y449V,217
V483N,216
D405I,213
V483A,209
P463T,208
V445E,204
L455Y,197
L455P,194
R357N,193
L455Q,184
A411E,183
R357S,179
L455S,158
F490P,157
V483K,152
T478M,152
D405V,147
S494P,146
N450Y,141
E340D,139
G496N,138
L455V,137
S477Y,128
L455I,128
Y489K,126
S375P,125
N450V,122
R357G,120
S494A,120
E484Y,114
E340K,114
P479T,113
N354K,111
N450I,110
P521G,110
A411G,109
S494G,109
K356V,108
L455M,107
F456G,106
E340P,105
A372G,105
S373R,105
K444Y,103
V483I,103
A348P,101
G496S,101
G496P,100
P463Q,98
R357L,97
G496R,95
G496D,95
R403V,94
D405P,93
A411T,93
G496A,92
S494N,91
A520G,90
D405F,90
Y489S,89
V483L,87
A344G,86
E340Q,86
Y508S,86
R509K,83
A411P,83
F456K,83
P463S,82
G447N,82
N354T,82
P479S,82
A348N,80
G496V,80
A522Q,80
A344E,80
H519N,79
N439D,78
F456S,78
H519D,77
A522G,77
K356M,76
R403L,75
A475E,75
H519P,75
N439T,74
R403T,73
A522V,73
N439S,72
P499Q,72
P521K,72
N354D,72
L517N,71
T500K,71
V341T,70
V433A,69
A344S,69
G447S,68
E340A,68
Y508N,68
V433I,67
E340S,67
A344T,67
N354S,67
L455F,66
S371T,65
A411N,65
F456T,65
A522S,65
P463A,64
Q409K,64
Y495E,63
R403S,63
V367F,62
E340R,62
Y508H,61
N448D,61
G504N,61
G504D,61
V483F,60
A520Q,60
Y489D,59
Y495N,59
L368P,58
T470S,57
Y489N,56
A411S,56
N481K,55
Y495H,55
E340V,55
A411V,55
A348T,55
L517S,54
L517Q,54
A522T,54
E340N,54
Y495F,54
P463H,53
V367M,53
G447D,52
A520E,52
V367S,51
V433M,50
A522R,50
Y495K,50
A344P,49
Q409H,49
P521S,49
Y508V,49
A348G,49
R403Y,49
V341A,48
Q409E,48
N439K,48
V341P,48
A372S,48
V433T,48
L517V,47
A348E,47
T430I,47
G485N,46
A372E,46
D405Y,46
P463V,46
A522E,45
F486M,45
A344V,45
Y453N,44
A348S,44
V341F,44
V367T,44
L441S,43
A372T,43
L517I,43
R403Q,43
T523S,42
N481S,42
R509E,42
G476S,42
V367A,42
T385N,42
Y473R,42
S373L,41
V503I,41
L517M,41
T470A,41
T430S,40
P384A,40
Y495T,39
Y495L,39
V341S,39
A411R,39
D405L,38
Y508K,38
G476D,38
V367L,38
L461Q,38
H519Q,38
G404D,37
G485S,37
T430R,37
V503P,37
N448I,37
R509Q,37
N448S,37
V367I,37
T430V,37
T523V,37
N481D,36
L452T,36
P521Q,36
R357P,36
A344N,36
S494R,36
P479N,35
A348V,35
F456Y,35
P384F,35
V433F,35
T500G,35
E471D,34
K444I,34
T385S,34
G476N,34
T430K,33
T385A,33
R403K,33
N394D,33
V341I,33
A344I,32
Y489H,32
D405G,32
N439V,32
T430A,32
G504S,32
F342Y,31
N501Q,31
Q409R,31
V433L,31
K356I,31
T523A,31
N448K,30
P384Q,30
V503T,29
F490R,29
A372P,29
A520V,29
A475N,29
R466T,29
I472S,29
T478V,29
A344Y,28
Y453L,28
L518S,28
S373V,28
T500N,28
N448T,28
V433S,28
F342A,28
A435G,28
A475S,27
L335I,27
V483P,27
G404N,27
A348Y,27
T523N,26
P499H,26
L518N,26
L441M,26
I410M,26
L461I,26
V503L,26
R403P,26
R466S,26
P384T,26
L517Y,26
Y369K,25
G496C,25
Y473S,25
K378Y,25
Q409N,24
N439I,24
T523G,24
A520T,24
Y351S,24
L518Q,24
I468N,24
N439Y,24
Y473K,24
L518Y,23
T500S,23
G502D,23
A520S,23
L461V,23
T430N,23
Y453H,23
F456W,23
Y508F,23
I472M,23
L335M,23
T470K,23
S494Y,23
V395I,23
P479H,23
A372V,22
A435S,22
L517F,22
P499S,22
L518V,22
L441Q,22
Y453R,22
A475T,22
V395E,22
H519R,22
F515A,22
A372I,21
P384N,21
K462Q,21
T376M,21
L335F,21
P479Q,21
N394T,21
V503A,21
A522P,21
N487D,21
L441I,21
A520P,21
I472T,21
I410Q,21
N394K,20
E471K,20
N487K,20
P521A,20
L441V,20
F515Y,20
L335V,20
L335P,20
I434V,20
G476T,20
A435E,20
K378E,20
P384L,20
P384V,19
D428N,19
N481T,19
D427E,19
N354G,19
T385K,19
L461S,19
V503S,19
A475G,19
L335Y,19
P337T,19
F347L,19
T415R,19
S459N,19
N448Q,19
L441N,19
Y369N,19
V341L,18
T523K,18
A372N,18
F347P,18
V433G,18
P499G,18
I410L,18
G485D,18
R403N,18
Y453K,18
K462E,18
H519F,17
G482N,17
T523I,17
T415K,17
V382P,17
D467E,17
L461M,17
R454K,17
N354R,17
V362T,17
G502S,17
L518M,17
L492S,17
E471Q,17
N354H,16
A475P,16
A435V,16
K378R,16
V503F,16
S438N,16
T523P,16
Y369H,16
L335S,16
T430E,16
Y489V,16
I410V,16
Y451N,16
G447W,16
Y473N,16
K378F,16
S443N,16
Y421K,16
I434F,16
Y369D,16
T470N,16
G482S,16
A520R,16
N394G,15
P384S,15
Y453P,15
G504A,15
S469P,15
P337Q,15
P463L,15
I402M,15
P479A,15
Y489F,15
S399A,15
Y453F,15
L335Q,15
K458E,15
D442E,15
K462N,15
Y351N,15
K378N,14
H519Y,14
A352E,14
Y369F,14
E516D,14
P337S,14
Y396S,14
F347S,14
I472L,14
T415A,14
Q409M,14
W353S,14
F342T,14
S359T,14
P479V,14
F347A,14
A435T,14
V341M,14
N370D,14
V395T,14
Y453A,14
Y473E,13
S349T,13
F515V,13
Y351K,13
F464Y,13
A363Y,13
Q506E,13
G413N,13
W353K,13
T478G,13
L518I,13
P521T,13
A435Y,13
A435P,13
I472V,13
Q409P,13
D427A,12
A475Y,12
V350I,12
T385M,12
D427N,12
S443Y,12
R509S,12
F497N,12
Y351P,12
I472Y,12
R509P,12
Y453S,12
F497Y,12
L441A,12
K378D,12
S459A,12
Q409Y,12
N437D,12
Q506K,12
S494F,11
L441F,11
F515K,11
N437T,11
K462R,11
T500A,11
T478L,11
T500M,11
Q414R,11
F497A,11
F497K,11
I410N,11
I472A,11
N448V,11
W353L,11
I434L,11
Y369L,11
Y369S,11
L513V,11
L441Y,11
E406K,11
S399G,11
T385V,11
S459P,11
L492M,10
I434M,10
Y421D,10
A363G,10
T500I,10
Y508L,10
F497S,10
L513M,10
D467N,10
Y495V,10
C361F,10
Y423F,10
Q414N,10
F347V,10
F392I,10
A352P,10
A352V,10
L335C,10
Q414H,10
T470M,10
A344D,10
C361Y,10
I468V,10
V382S,10
G416S,10
P337A,10
V350W,10
G496T,9
E516K,9
D427P,9
P507S,9
T415V,9
F464K,9
Y473F,9
D420H,9
V395A,9
N394S,9
L441K,9
Y473L,9
S438G,9
Y489L,9
N437K,9
L461F,9
E516Q,9
Y396K,9
S459R,9
V407F,9
F342V,9
A419S,9
G485A,9
V395L,9
W436F,8
R454T,8
Y421S,8
E465D,8
F392V,8
I410R,8
L390I,8
G413T,8
C361A,8
R355P,8
F515L,8
R355H,8
N354Y,8
P507G,8
L492T,8
G416N,8
E465Q,8
G502A,8
T500V,8
L513I,8
E516G,8
V503M,8
G416A,8
Q414K,8
I410T,8
V382I,8
C336G,8
Y451S,8
T415N,8
S514N,8
S469T,8
Y365N,8
A352T,8
L492Y,8
N437S,8
V350S,8
V350T,8
F347T,8
Y453D,8
F456V,8
Y396D,7
P499A,7
T470R,7
Y473H,7
Y508D,7
V362A,7
I402V,7
P412A,7
G447A,7
Y451H,7
C361L,7
K462T,7
V362G,7
T385R,7
V395S,7
G447Y,7
W353Y,7
C336A,7
N370T,7
Y351H,7
F429Y,7
F347Y,7
S349P,7
F497V,7
E471P,7
D427K,7
S494L,7
V362F,7
N448L,7
L390Y,7
N439P,7
W353F,7
P521H,7
R457Q,7
R466Q,7
S438A,7
G413D,7
T415M,7
N370K,7
I402L,6
T478I,6
V367P,6
Y421H,6
L390V,6
G485V,6
V382T,6
K458N,6
Q474E,6
I358F,6
V503G,6
I468T,6
Y351F,6
S359N,6
K386E,6
A352G,6
G404S,6
W353V,6
V382L,6
S359D,6
Y351L,6
V407S,6
Y365D,6
R466K,6
T415S,6
I402T,6
Y396H,6
R355Q,6
D420K,6
P384H,6
E484G,6
R466V,6
E406R,6
L513Y,6
K462A,6
P337H,6
S469N,6
I468Y,6
T345A,6
V407T,6
V524I,6
K458Q,6
Y396N,6
A475R,6
W436S,6
I434Y,6
G381D,6
E406Q,6
P507Q,6
Q506N,6
P337N,6
D428G,5
F338Y,5
V524G,5
K378G,5
V350F,5
V524A,5
D467Q,5
L513F,5
I434T,5
A419E,5
G447V,5
G447K,5
S469L,5
S438F,5
D389E,5
N448Y,5
V511I,5
W353G,5
S438Y,5
F392Y,5
C391Y,5
Y396L,5
D420N,5
Y351R,5
C336S,5
N422V,5
S349R,5
E471A,5
L518F,5
S399F,5
Q409L,5
F342S,5
S383T,5
D442N,5
G502P,5
D420G,5
T470V,5
S443R,5
G504P,5
N394Y,5
V524L,5
C361V,5
Y365H,5
F515N,5
F342L,5
W436Y,5
V362L,5
G381A,5
S383N,5
P412H,5
V395F,5
F497L,5
V407A,5
K378P,5
D428E,5
F429A,5
Y451K,5
C391A,5
N370Y,5
R457E,5
V382A,5
D428K,5
N394V,5
N360F,5
Q414E,5
V395P,5
Y369P,4
C361S,4
C336Y,4
F429C,4
N370S,4
A397E,4
Y421L,4
F338D,4
N422K,4
S443A,4
G476A,4
N487T,4
N370V,4
A397T,4
R454V,4
S383P,4
S399T,4
G381P,4
K462D,4
G476R,4
P412T,4
S459G,4
I358M,4
L390F,4
Y489R,4
A363T,4
A352Y,4
D442P,4
Y473A,4
T345S,4
A419T,4
A397S,4
P337R,4
R457S,4
F464S,4
P412Q,4
I468S,4
Q414M,4
D427H,4
E471R,4
A397G,4
V401T,4
I468L,4
R454S,4
S349N,4
G482V,4
Y423L,4
A363S,4
K458R,4
C488G,4
E465K,4
R509V,4
F456L,4
Y380H,4
F392L,4
S349A,4
V362I,4
Y396F,4
S438R,4
H519L,4
W436L,4
P507A,4
A363L,4
N481Y,4
N481V,3
F342P,3
T345K,3
D427Y,3
P412V,3
A352S,3
V407L,3
A419G,3
C432G,3
S349G,3
V382G,3
E471V,3
V524F,3
A352N,3
E406A,3
D442G,3
N360T,3
E406D,3
V511S,3
V407I,3
G404F,3
Y365K,3
D389S,3
C391S,3
P412S,3
D420E,3
V382F,3
F400M,3
G482P,3
C336F,3
V524T,3
S359R,3
Y423H,3
E465A,3
S438T,3
S459L,3
F429L,3
S469R,3
A363V,3
V350A,3
P426N,3
P337V,3
K386D,3
I468M,3
S359F,3
L461Y,3
F464D,3
V407M,3
G416T,3
K424E,3
N481F,3
D389K,3
F400L,3
Q414T,3
S383G,3
F377L,3
D428H,3
V512I,3
Y396I,3
T430G,3
N437Y,3
F497T,3
V510I,3
A348I,3
P507V,3
L390M,3
R509T,3
V350L,3
C488A,3
G381S,3
I358L,3
V395M,3
L390Q,3
S514P,3
G482D,3
N487S,3
A435N,3
D389N,3
G447R,3
L492Q,3
D442A,3
N481I,3
S514G,3
E465Y,3
S477P,3
F392A,3
Y421N,3
G416D,3
V510S,3
N422Q,2
A419V,2
E406N,2
N422Y,2
Y473P,2
G502L,2
F464T,2
S469G,2
Y451F,2
T393I,2
P426Q,2
S366A,2
I468F,2
N370L,2
G431S,2
N422D,2
W353R,2
S514L,2
I402F,2
F515S,2
I472F,2
G413S,2
P491Q,2
D427S,2
R454P,2
R355K,2
I402N,2
K386Q,2
Q414L,2
S366T,2
L461E,2
I418N,2
P412R,2
C432Y,2
Q506M,2
S383L,2
P412N,2
K462S,2
R466E,2
P499N,2
Y451D,2
L390S,2
P491G,2
I358Y,2
D364E,2
I410K,2
S359G,2
I418L,2
Y451L,2
L390N,2
P491H,2
E516A,2
I402S,2
S438V,2
V362E,2
V511F,2
G404A,2
I358T,2
S349F,2
F338T,2
K386N,2
T393V,2
D442K,2
G447C,2
R457K,2
L492I,2
I472N,2
K386T,2
C432L,2
P426S,2
S399C,2
S359P,2
F464P,2
L425M,2
D428Y,2
Y421Q,2
C432A,2
I410S,2
I358V,2
A435C,2
I472R,2
N343K,2
T345N,2
Q474N,2
T393A,2
T345M,2
F338S,2
S443P,2
K424Q,2
N360D,2
T415I,2
V512L,2
Y365F,2
Y365S,2
E406S,2
F429G,2
F374T,2
D398E,2
S443G,2
V510T,2
C336L,2
F400A,2
P499V,2
K462M,2
G504V,2
K462Y,2
S459F,2
T385L,2
D442H,2
I418M,2
A397N,2
T385I,2
L461P,2
Y495I,2
L387N,2
V511T,2
S349V,2
E471G,2
N360Y,2
F338P,2
D364A,2
G485F,2
D364N,1
V401I,1
Y451P,1
R355S,1
L387Y,1
S438D,1
R457Y,1
V510P,1
E465V,1
P426V,1
D467K,1
R509L,1
N450H,1
C361T,1
A475V,1
V362Y,1
F338A,1
G339R,1
S477R,1
G413V,1
K424D,1
I358N,1
D420P,1
S399N,1
F347G,1
N388S,1
F392T,1
V511G,1
P499L,1
Y421F,1
C488T,1
F377S,1
T500R,1
I418Y,1
K462V,1
I358S,1
D389Y,1
D420S,1
R355T,1
V483G,1
Y421P,1
C336T,1
D389H,1
R509G,1
T345P,1
A363P,1
K424T,1
P521V,1
N388K,1
D364L,1
N354V,1
P507Y,1
I402K,1
R457V,1
V512T,1
C488S,1
P426K,1
P491T,1
V483C,1
K424N,1
A397C,1
Y396W,1
V512F,1
V362S,1
F342G,1
G482A,1
V524S,1
I402Y,1
E465R,1
Y423D,1
R403G,1
L492F,1
P463Y,1
S366N,1
N460P,1
V511A,1
V341G,1
G502F,1
F338G,1
Y423S,1
V401L,1
F486W,1
L425V,1
F377G,1
K458Y,1
K458T,1
Y489Q,1
G502V,1
Y423R,1
F515P,1
T376C,1
V510A,1
S383R,1
S438C,1
K378S,1
F377A,1
S443F,1
V362M,1
F374S,1
A397V,1
T393K,1
V445G,1
D389G,1
A397P,1
S469F,1
K458F,1
F400N,1
D364H,1
L492V,1
I418S,1
V350G,1
R454Q,1
A397Y,1
C391G,1
V512G,1
E516V,1
F429S,1
N422T,1
E406Y,1
N388Y,1
A419R,1
V511E,1
T393P,1
C480F,1
V512S,1
K458D,1
T393N,1
W436D,1
S514R,1
N450P,1
D442S,1
A344C,1
L513Q,1
D389F,1
S514Y,1
F429I,1
Y365L,1
K386V,1
A363I,1
D364Y,1
F374V,1
W436G,1
I434S,1
R466P,1
S399Y,1
P507H,1
N343Y,1
S371G,1
C391L,1
F429V,1
